1001,Abhishek,80 Stang Parkway
1002,Aman,1 Anthes Avenue
1003,Harsh,87985 Linden Pass
1004,Ayush,56 La Follette Pass
1005,Aditi,8 Briar Crest Pass
1006,Anjali,035 Iowa Terrace
1007,Shubham,3925 Clove Drive
1008,Anushka,9 Straubel Drive
1009,Rohit,816 Northland Way
1010,Saurabh,10165 Gerald Way
1011,Muskan,83 Merchant Junction
1012,Rahul,1249 Summerview Pass
1013,Utkarsh,5 Bowman Junction
1014,Vaibhav,3 Chinook Park
1015,Amit,90535 Bonner Lane
1016,Saumya,056 Straubel Avenue
1017,Rishabh,70 Wayridge Parkway
1018,Shruti,609 Truax Alley
1019,Himanshu,948 Marquette Circle
1020,Kajal,4121 Atwood Circle
1021,Ankit,31 Center Avenue
1022,Gaurav,7 Lukken Street
1023,Nikhil,86 Westport Way
1024,Siddharth,8991 Melvin Terrace
1025,Prashant,25045 Schmedeman Trail
1026,Priya,46231 Killdeer Point
1027,Harshit,68 Muir Street
1028,Shashank,41227 Arrowood Way
1029,Akash,93613 Myrtle Junction
1030,Varun,3788 Crowley Center
1031,Yash,017 Eagle Crest Court
1032,Shreya,3759 Graedel Circle
1033,Harshita,68124 Brentwood Hill
1034,Anurag,98910 Shoshone Road
1035,Vivek,14 Muir Pass
1036,Swati,8971 Coleman Junction
1037,Vishal,6475 Gina Park
1038,Aditya,31 Luster Hill
1039,Nidhi,190 Packers Avenue
1040,Ayushi,513 Katie Center
1041,Krishna,23631 West Road
1042,Anshika,686 Kedzie Place
1043,Sakshi,300 Cottonwood Alley
1044,Shivani,20 Westend Trail
1045,Prakhar,3497 Novick Hill
1046,Mansi,14 Michigan Drive
1047,Tushar,26456 Messerschmidt Drive
1048,Abhinav,8857 Anhalt Alley
1049,Shivangi,739 Trailsway Center
1050,Ashutosh,97207 Monterey Street
